review,sentiment,timestamp_created,voted_up,game_id
i like cs,0.0,1749321937,True,730
cheats...,0.0,1749321905,False,730
–∞—Ñ—Ü—Ü—Ü—Ü—Ü—Ü,0.0,1749321899,True,730
NEJ HRA,0.0,1749321878,True,730
Subio mi ludopatia a otro nivel,0.0,1749321831,True,730
cool game,-0.025000000000000022,1749321821,True,730
–ò–≥—Ä–∞ –¥–ª—è –æ—Å–æ–±–æ –æ–¥–∞—Ä–µ–Ω–Ω—ã—Ö,0.0,1749321774,False,730
—ã—ã—ã—ã—ã,0.0,1749321695,True,730
–û–ö,0.0,1749321669,True,730
ÈùûÂ∏∏Â•ΩÊ∏∏ÊàèÔºåÁà±Êù•Ëá™Áì∑Âô®,0.0,1749321652,True,730
,0.0,1749321598,True,730
good game üíØ,0.14999999999999997,1749321579,True,730
olny cheaters,0.0,1749321567,True,730
–ú–Ω–µ –¥–∞–ª–∏ –ª–∏–≥–ª –≤ –∂–æ,0.0,1749321493,True,730
–ª—É—á—à–∞—è,0.0,1749321403,True,730
"Great game after many changes, but fix VAC plz.",0.3,1749321363,False,730
"After an exhausting day at work dealing with crazy people, I love sitting down to and play a few calm and relaxing games of CS2. The friendly and supportive community is what really make this game fantastic.",0.047222222222222214,1749321361,True,730
Muito bom,0.0,1749321359,True,730
Bƒ∞RAZ DENEME FIRSATIM OLDU AMA BENƒ∞ FAZLA SARMADI BU OYUN Bƒ∞RAZ DAHA DENEYƒ∞P Sƒ∞ZE Bƒ∞LGƒ∞ VERƒ∞Rƒ∞M,0.0,1749321295,False,730
blyat,0.0,1749321291,True,730
"–∏–≥—Ä–∞ –∫—É—Å–æ–∫ –¥–µ—Ä—å–º–∞,–Ω–µ –ø–æ–∫—É–ø–∞–π—Ç–µ –µ–µ",0.0,1749242757,False,252490
very good games i play sometime i get kill then die i recommend!!!!!!,1.0,1749242698,True,252490
Great game,0.2,1749242548,True,252490
110ÏãúÍ∞ÑÏùÄ Ï†ïÏûêÏóê Î∂àÍ≥ºÌïòÎã§ÎäîÍ±∏ Íπ®Îã¨ÏïòÏñ¥Ïöî!,0.0,1749242488,True,252490
—Ñ–∞—Ä–º —Ñ–∞—Ä–º —Ñ–∞—Ä–º —Ñ–∞—Ä–º —Ñ–∞—Ä–º —Ñ–∞—Ä–º —Ñ–∞—Ä–º —Ñ–∞—Ä–º —Ñ–∞—Ä–º —Ñ–∞—Ä–º—Ñ–∞—Ä–º —Ñ–∞—Ä–º —Ñ–∞—Ä–º —Ñ–∞—Ä–º —Ñ–∞—Ä–º—Ñ–∞—Ä–º —Ñ–∞—Ä–º —Ñ–∞—Ä–º —Ñ–∞—Ä–º —Ñ–∞—Ä–º—Ñ–∞—Ä–º —Ñ–∞—Ä–º —Ñ–∞—Ä–º —Ñ–∞—Ä–º —Ñ–∞—Ä–º—Ñ–∞—Ä–º —Ñ–∞—Ä–º —Ñ–∞—Ä–º —Ñ–∞—Ä–º —Ñ–∞—Ä–º—Ñ–∞—Ä–º —Ñ–∞—Ä–º —Ñ–∞—Ä–º —Ñ–∞—Ä–º —Ñ–∞—Ä–º—Ñ–∞—Ä–º —Ñ–∞—Ä–º —Ñ–∞—Ä–º —Ñ–∞—Ä–º —Ñ–∞—Ä–º—Ñ–∞—Ä–º —Ñ–∞—Ä–º —Ñ–∞—Ä–º —Ñ–∞—Ä–º —Ñ–∞—Ä–º—Ñ–∞—Ä–º —Ñ–∞—Ä–º —Ñ–∞—Ä–º —Ñ–∞—Ä–º —Ñ–∞—Ä–º—Ñ–∞—Ä–º —Ñ–∞—Ä–º —Ñ–∞—Ä–º —Ñ–∞—Ä–º —Ñ–∞—Ä–º—Ñ–∞—Ä–º —Ñ–∞—Ä–º —Ñ–∞—Ä–º —Ñ–∞—Ä–º —Ñ–∞—Ä–º—Ñ–∞—Ä–º —Ñ–∞—Ä–º —Ñ–∞—Ä–º —Ñ–∞—Ä–º —Ñ–∞—Ä–º—Ñ–∞—Ä–º —Ñ–∞—Ä–º —Ñ–∞—Ä–º —Ñ–∞—Ä–º —Ñ–∞—Ä–º—Ñ–∞—Ä–º —Ñ–∞—Ä–º —Ñ–∞—Ä–º —Ñ–∞—Ä–º —Ñ–∞—Ä–º—Ñ–∞—Ä–º —Ñ–∞—Ä–º —Ñ–∞—Ä–º —Ñ–∞—Ä–º —Ñ–∞—Ä–º—Ñ–∞—Ä–º —Ñ–∞—Ä–º —Ñ–∞—Ä–º —Ñ–∞—Ä–º —Ñ–∞—Ä–º—Ñ–∞—Ä–º —Ñ–∞—Ä–º —Ñ–∞—Ä–º —Ñ–∞—Ä–º —Ñ–∞—Ä–º—Ñ–∞—Ä–º —Ñ–∞—Ä–º —Ñ–∞—Ä–º —Ñ–∞—Ä–º —Ñ–∞—Ä–º—Ñ–∞—Ä–º —Ñ–∞—Ä–º —Ñ–∞—Ä–º —Ñ–∞—Ä–º —Ñ–∞—Ä–º—Ñ–∞—Ä–º —Ñ–∞—Ä–º —Ñ–∞—Ä–º —Ñ–∞—Ä–º —Ñ–∞—Ä–º —Ç–µ–±—è –∑–∞—Ä—ç–π–¥–∏–ª–∏(,0.0,1749242256,True,252490
"24 –Ω–∞ 7 —Å–∏–∂—É –¥–æ–º–∞, —Å–∞–º–∞ –ª—É—á—à–∞—è –∏–≥—Ä–∞",0.0,1749241665,True,252490
great game,0.2,1749241542,True,252490
–∏–º–±–æ–≤–∞—è –∏–≥—Ä–∞,0.0,1749241520,True,252490
–ª—É—á—à–∞—è –Ω–µ—Ä–≤–æ—Ç—Ä–µ–ø–∫–∞,0.0,1749241447,True,252490
"–†—É—Ñ–∫–µ–º–ø–µ—Ä–∏ –∑–∞–¥–æ–≤–±–∞–ª–∏ 
",0.0,1749241439,True,252490
—è –∂–µ—Ä—Ç–≤–∞ —Å–∫–∏–¥–æ–∫,0.0,1749241425,True,252490
top,0.5,1749241323,True,252490
"Fun and W game, it can get frustrating which is part of the game, try to challenge yourself and remember to have fun and enjoy the beauty of Rust.",-0.03333333333333335,1749241211,True,252490
this game makes me want to gauge my eyes out everytime i play it,-0.4,1749241032,True,252490
"RUST IS LIFE
",0.0,1749240589,True,252490
ÿ≥€å,0.0,1749240579,True,252490
perfect.,1.0,1749240138,True,252490
"–ù–µ —Å–ø–∞–ª 2 –Ω–µ–¥–µ–ª–∏, —Ç–µ–ø–µ—Ä—å –≤–æ —Å–Ω–∞—Ö –º–µ—Ä–µ—â–∞—Ç—Å—è –±–æ–º–∂–∏. –°–æ–≤–µ—Ç—É—é!",0.0,1749239785,True,252490
"–µ—Å–ª–∏ –∏–º–µ–µ—Ç—Å—è –∂–µ–ª–∞–Ω–∏–µ —Å—Ç—Ä–∞–¥–∞—Ç—å –Ω–æ —Å –∫–∞–π—Ñ–æ–º, –±–µ—Ä–∏—Ç–µ",0.0,1749239731,True,252490
–Ω–∞—à—ë–ª —Å–≤–æ–µ–≥–æ –æ—Ç—Ü–∞))),0.0,1749239596,True,252490
